{
  "total": 43,
  "exact_matches": 1,
  "command_matches": 19,
  "exact_accuracy": 0.023255813953488372,
  "command_accuracy": 0.4418604651162791
}