{
  "total": 43,
  "exact_matches": 7,
  "command_matches": 21,
  "exact_accuracy": 0.16279069767441862,
  "command_accuracy": 0.4883720930232558
}